address	name	root	caller_count	callee_count	decompilation_file
1805d0ee0	FUN_1805d0ee0	false	1	8	functions/1805d0ee0_FUN_1805d0ee0.c
1805d1430	FUN_1805d1430	false	1	11	functions/1805d1430_FUN_1805d1430.c
1805d1cc0	FUN_1805d1cc0	false	1	2	functions/1805d1cc0_FUN_1805d1cc0.c
1805d1e50	FUN_1805d1e50	false	1	2	functions/1805d1e50_FUN_1805d1e50.c
1805d2950	FUN_1805d2950	false	1	1	functions/1805d2950_FUN_1805d2950.c
1805d2aa0	FUN_1805d2aa0	false	1	4	functions/1805d2aa0_FUN_1805d2aa0.c
1805d3170	FUN_1805d3170	false	1	1	functions/1805d3170_FUN_1805d3170.c
1805d32c0	FUN_1805d32c0	false	1	1	functions/1805d32c0_FUN_1805d32c0.c
1805d33d0	FUN_1805d33d0	false	1	2	functions/1805d33d0_FUN_1805d33d0.c
1805d3640	FUN_1805d3640	false	1	4	functions/1805d3640_FUN_1805d3640.c
1805d3a70	FUN_1805d3a70	false	1	3	functions/1805d3a70_FUN_1805d3a70.c
1805d4000	FUN_1805d4000	false	2	0	functions/1805d4000_FUN_1805d4000.c
1805d40a0	FUN_1805d40a0	false	3	0	functions/1805d40a0_FUN_1805d40a0.c
1805d4400	FUN_1805d4400	false	2	1	functions/1805d4400_FUN_1805d4400.c
1805d4700	FUN_1805d4700	false	1	1	functions/1805d4700_FUN_1805d4700.c
1805d4830	FUN_1805d4830	false	1	8	functions/1805d4830_FUN_1805d4830.c
1805d5130	FUN_1805d5130	false	1	0	functions/1805d5130_FUN_1805d5130.c
1805d5210	FUN_1805d5210	false	1	0	functions/1805d5210_FUN_1805d5210.c
1805d54f0	FUN_1805d54f0	false	1	1	functions/1805d54f0_FUN_1805d54f0.c
1805d5810	FUN_1805d5810	false	1	1	functions/1805d5810_FUN_1805d5810.c
1805d5a90	FUN_1805d5a90	false	1	0	functions/1805d5a90_FUN_1805d5a90.c
1805d5bc0	FUN_1805d5bc0	false	1	1	functions/1805d5bc0_FUN_1805d5bc0.c
1805d5e60	FUN_1805d5e60	false	1	2	functions/1805d5e60_FUN_1805d5e60.c
1805d6230	FUN_1805d6230	false	1	6	functions/1805d6230_FUN_1805d6230.c
1805d64f0	FUN_1805d64f0	false	1	0	functions/1805d64f0_FUN_1805d64f0.c
1805d6580	FUN_1805d6580	false	2	1	functions/1805d6580_FUN_1805d6580.c
1805d67d0	FUN_1805d67d0	false	1	3	functions/1805d67d0_FUN_1805d67d0.c
1805d69a0	FUN_1805d69a0	false	2	0	functions/1805d69a0_FUN_1805d69a0.c
1805d6ae0	FUN_1805d6ae0	false	2	1	functions/1805d6ae0_FUN_1805d6ae0.c
1805d6d30	FUN_1805d6d30	false	1	1	functions/1805d6d30_FUN_1805d6d30.c
1805d6e70	FUN_1805d6e70	false	1	3	functions/1805d6e70_FUN_1805d6e70.c
1805d7230	FUN_1805d7230	false	1	4	functions/1805d7230_FUN_1805d7230.c
1805d7580	FUN_1805d7580	false	1	1	functions/1805d7580_FUN_1805d7580.c
1805d7a50	FUN_1805d7a50	false	6	1	functions/1805d7a50_FUN_1805d7a50.c
1805d7ad0	FUN_1805d7ad0	false	5	4	functions/1805d7ad0_FUN_1805d7ad0.c
1805d7c50	FUN_1805d7c50	false	2	1	functions/1805d7c50_FUN_1805d7c50.c
1805d7c70	FUN_1805d7c70	false	1	1	functions/1805d7c70_FUN_1805d7c70.c
1805d7c90	FUN_1805d7c90	false	16	1	functions/1805d7c90_FUN_1805d7c90.c
1805d7d40	FUN_1805d7d40	false	1	2	functions/1805d7d40_FUN_1805d7d40.c
1805d7ef0	FUN_1805d7ef0	false	1	1	functions/1805d7ef0_FUN_1805d7ef0.c
1805d8130	FUN_1805d8130	false	1	1	functions/1805d8130_FUN_1805d8130.c
1805d8220	FUN_1805d8220	false	1	4	functions/1805d8220_FUN_1805d8220.c
1805d8990	FUN_1805d8990	false	1	1	functions/1805d8990_FUN_1805d8990.c
1805d8b10	FUN_1805d8b10	false	1	1	functions/1805d8b10_FUN_1805d8b10.c
1805d9910	FUN_1805d9910	false	1	4	functions/1805d9910_FUN_1805d9910.c
1805d9a70	FUN_1805d9a70	false	1	0	functions/1805d9a70_FUN_1805d9a70.c
1805d9c10	FUN_1805d9c10	false	1	1	functions/1805d9c10_FUN_1805d9c10.c
1805d9c70	FUN_1805d9c70	false	1	1	functions/1805d9c70_FUN_1805d9c70.c
1805d9e80	FUN_1805d9e80	false	1	2	functions/1805d9e80_FUN_1805d9e80.c
1805da210	FUN_1805da210	false	1	3	functions/1805da210_FUN_1805da210.c
1805da460	FUN_1805da460	false	1	6	functions/1805da460_FUN_1805da460.c
1805da8e0	FUN_1805da8e0	false	1	1	functions/1805da8e0_FUN_1805da8e0.c
1805da950	FUN_1805da950	false	1	2	functions/1805da950_FUN_1805da950.c
1805daa00	FUN_1805daa00	false	2	0	functions/1805daa00_FUN_1805daa00.c
1805daa70	FUN_1805daa70	false	1	2	functions/1805daa70_FUN_1805daa70.c
1805dad00	FUN_1805dad00	false	1	4	functions/1805dad00_FUN_1805dad00.c
1805db140	FUN_1805db140	false	1	5	functions/1805db140_FUN_1805db140.c
1805db800	FUN_1805db800	false	1	0	functions/1805db800_FUN_1805db800.c
1805db990	FUN_1805db990	false	1	1	functions/1805db990_FUN_1805db990.c
1805dbab0	FUN_1805dbab0	false	1	0	functions/1805dbab0_FUN_1805dbab0.c
1805dbc70	FUN_1805dbc70	false	1	0	functions/1805dbc70_FUN_1805dbc70.c
1805dbf30	FUN_1805dbf30	false	1	1	functions/1805dbf30_FUN_1805dbf30.c
1805dc260	FUN_1805dc260	false	1	1	functions/1805dc260_FUN_1805dc260.c
1805dc390	FUN_1805dc390	false	1	0	functions/1805dc390_FUN_1805dc390.c
1805dc470	FUN_1805dc470	false	1	6	functions/1805dc470_FUN_1805dc470.c
1805dc9a0	FUN_1805dc9a0	false	1	1	functions/1805dc9a0_FUN_1805dc9a0.c
1805dcad0	FUN_1805dcad0	false	1	2	functions/1805dcad0_FUN_1805dcad0.c
1805dd070	FUN_1805dd070	false	1	0	functions/1805dd070_FUN_1805dd070.c
1805dd4d0	FUN_1805dd4d0	false	1	2	functions/1805dd4d0_FUN_1805dd4d0.c
1805ddb50	FUN_1805ddb50	false	1	1	functions/1805ddb50_FUN_1805ddb50.c
1805ddcb0	FUN_1805ddcb0	false	1	1	functions/1805ddcb0_FUN_1805ddcb0.c
1805de130	FUN_1805de130	false	1	1	functions/1805de130_FUN_1805de130.c
1805de210	FUN_1805de210	false	1	4	functions/1805de210_FUN_1805de210.c
1805de4b0	FUN_1805de4b0	false	1	1	functions/1805de4b0_FUN_1805de4b0.c
1805de620	FUN_1805de620	false	1	1	functions/1805de620_FUN_1805de620.c
1805de760	FUN_1805de760	false	1	1	functions/1805de760_FUN_1805de760.c
1805ded10	FUN_1805ded10	false	1	1	functions/1805ded10_FUN_1805ded10.c
1805def30	FUN_1805def30	false	1	10	functions/1805def30_FUN_1805def30.c
1805df8f0	FUN_1805df8f0	false	1	0	functions/1805df8f0_FUN_1805df8f0.c
1805df920	FUN_1805df920	false	1	1	functions/1805df920_FUN_1805df920.c
1805dfa40	FUN_1805dfa40	false	1	1	functions/1805dfa40_FUN_1805dfa40.c
1805e01c0	FUN_1805e01c0	false	1	1	functions/1805e01c0_FUN_1805e01c0.c
1805e0700	FUN_1805e0700	false	1	2	functions/1805e0700_FUN_1805e0700.c
1805e0cb0	FUN_1805e0cb0	false	1	1	functions/1805e0cb0_FUN_1805e0cb0.c
1805e1010	FUN_1805e1010	false	1	0	functions/1805e1010_FUN_1805e1010.c
1805e12b0	FUN_1805e12b0	false	1	0	functions/1805e12b0_FUN_1805e12b0.c
1805f4110	FUN_1805f4110	false	2	2	functions/1805f4110_FUN_1805f4110.c
1805f4230	FUN_1805f4230	false	1	2	functions/1805f4230_FUN_1805f4230.c
1805f4550	FUN_1805f4550	false	1	2	functions/1805f4550_FUN_1805f4550.c
1805f4790	FUN_1805f4790	false	1	2	functions/1805f4790_FUN_1805f4790.c
1805f49d0	FUN_1805f49d0	false	1	1	functions/1805f49d0_FUN_1805f49d0.c
1805f49e0	FUN_1805f49e0	false	1	2	functions/1805f49e0_FUN_1805f49e0.c
1805f4e30	FUN_1805f4e30	false	2	2	functions/1805f4e30_FUN_1805f4e30.c
1805f50e0	FUN_1805f50e0	false	1	3	functions/1805f50e0_FUN_1805f50e0.c
1805f5260	FUN_1805f5260	false	2	2	functions/1805f5260_FUN_1805f5260.c
1805f5510	FUN_1805f5510	false	1	2	functions/1805f5510_FUN_1805f5510.c
1805f56b0	FUN_1805f56b0	false	3	2	functions/1805f56b0_FUN_1805f56b0.c
1805f5730	FUN_1805f5730	false	2	2	functions/1805f5730_FUN_1805f5730.c
1805f5870	FUN_1805f5870	false	1	1	functions/1805f5870_FUN_1805f5870.c
1805f5c20	FUN_1805f5c20	false	1	1	functions/1805f5c20_FUN_1805f5c20.c
1805f5d00	FUN_1805f5d00	false	1	5	functions/1805f5d00_FUN_1805f5d00.c
1805f60b0	FUN_1805f60b0	false	1	0	functions/1805f60b0_FUN_1805f60b0.c
1805f61e0	FUN_1805f61e0	false	1	1	functions/1805f61e0_FUN_1805f61e0.c
1805f6420	FUN_1805f6420	false	1	2	functions/1805f6420_FUN_1805f6420.c
1805f6720	FUN_1805f6720	false	1	0	functions/1805f6720_FUN_1805f6720.c
1805f6980	FUN_1805f6980	false	4	1	functions/1805f6980_FUN_1805f6980.c
1805f6dc0	FUN_1805f6dc0	false	1	13	functions/1805f6dc0_FUN_1805f6dc0.c
1805f7810	FUN_1805f7810	false	1	2	functions/1805f7810_FUN_1805f7810.c
1805f7940	FUN_1805f7940	false	1	3	functions/1805f7940_FUN_1805f7940.c
1805f7da0	FUN_1805f7da0	false	1	1	functions/1805f7da0_FUN_1805f7da0.c
1805f7e30	FUN_1805f7e30	false	1	1	functions/1805f7e30_FUN_1805f7e30.c
1805f80e0	FUN_1805f80e0	false	1	5	functions/1805f80e0_FUN_1805f80e0.c
1805f8630	FUN_1805f8630	false	2	4	functions/1805f8630_FUN_1805f8630.c
1805f8770	FUN_1805f8770	false	1	3	functions/1805f8770_FUN_1805f8770.c
1805f8a10	FUN_1805f8a10	false	1	1	functions/1805f8a10_FUN_1805f8a10.c
1805f8bb0	FUN_1805f8bb0	false	1	1	functions/1805f8bb0_FUN_1805f8bb0.c
1805f8d20	FUN_1805f8d20	false	1	2	functions/1805f8d20_FUN_1805f8d20.c
1805f93e0	FUN_1805f93e0	false	1	0	functions/1805f93e0_FUN_1805f93e0.c
1805f96b0	FUN_1805f96b0	false	1	4	functions/1805f96b0_FUN_1805f96b0.c
1805f99f0	FUN_1805f99f0	false	1	3	functions/1805f99f0_FUN_1805f99f0.c
1805f9cd0	FUN_1805f9cd0	false	2	0	functions/1805f9cd0_FUN_1805f9cd0.c
1805f9ec0	FUN_1805f9ec0	false	1	5	functions/1805f9ec0_FUN_1805f9ec0.c
1805fa370	FUN_1805fa370	false	1	1	functions/1805fa370_FUN_1805fa370.c
1805fa6d0	FUN_1805fa6d0	false	1	1	functions/1805fa6d0_FUN_1805fa6d0.c
1805faa50	FUN_1805faa50	false	1	2	functions/1805faa50_FUN_1805faa50.c
1805fb220	FUN_1805fb220	false	1	2	functions/1805fb220_FUN_1805fb220.c
1805fb3c0	FUN_1805fb3c0	false	1	1	functions/1805fb3c0_FUN_1805fb3c0.c
1805fb660	FUN_1805fb660	false	1	1	functions/1805fb660_FUN_1805fb660.c
1805fb7e0	FUN_1805fb7e0	false	1	0	functions/1805fb7e0_FUN_1805fb7e0.c
1805fb960	FUN_1805fb960	false	1	0	functions/1805fb960_FUN_1805fb960.c
1805fba00	FUN_1805fba00	false	1	3	functions/1805fba00_FUN_1805fba00.c
1805fbfd0	FUN_1805fbfd0	false	1	0	functions/1805fbfd0_FUN_1805fbfd0.c
1805fc050	FUN_1805fc050	false	1	1	functions/1805fc050_FUN_1805fc050.c
1805fc3a0	FUN_1805fc3a0	false	1	0	functions/1805fc3a0_FUN_1805fc3a0.c
1805fc5a0	FUN_1805fc5a0	false	1	3	functions/1805fc5a0_FUN_1805fc5a0.c
1805fc750	FUN_1805fc750	false	1	4	functions/1805fc750_FUN_1805fc750.c
1805fcb20	FUN_1805fcb20	false	1	0	functions/1805fcb20_FUN_1805fcb20.c
1805fcc30	FUN_1805fcc30	false	1	0	functions/1805fcc30_FUN_1805fcc30.c
1805fce90	FUN_1805fce90	false	1	1	functions/1805fce90_FUN_1805fce90.c
1805fd090	FUN_1805fd090	false	2	1	functions/1805fd090_FUN_1805fd090.c
1805fd230	FUN_1805fd230	false	2	0	functions/1805fd230_FUN_1805fd230.c
1805fd970	FUN_1805fd970	false	1	9	functions/1805fd970_FUN_1805fd970.c
1805fdbf0	FUN_1805fdbf0	false	1	2	functions/1805fdbf0_FUN_1805fdbf0.c
1805fddb0	FUN_1805fddb0	false	19	2	functions/1805fddb0_FUN_1805fddb0.c
1805fde60	FUN_1805fde60	false	1	2	functions/1805fde60_FUN_1805fde60.c
1805fe0e0	FUN_1805fe0e0	false	1	3	functions/1805fe0e0_FUN_1805fe0e0.c
1805fe480	FUN_1805fe480	false	1	3	functions/1805fe480_FUN_1805fe480.c
1805fe5e0	FUN_1805fe5e0	false	1	9	functions/1805fe5e0_FUN_1805fe5e0.c
1805feb70	FUN_1805feb70	false	1	4	functions/1805feb70_FUN_1805feb70.c
1805fedb0	FUN_1805fedb0	false	1	4	functions/1805fedb0_FUN_1805fedb0.c
1805ff370	FUN_1805ff370	false	1	6	functions/1805ff370_FUN_1805ff370.c
1805ffd00	FUN_1805ffd00	false	1	12	functions/1805ffd00_FUN_1805ffd00.c
1806003b0	FUN_1806003b0	false	1	2	functions/1806003b0_FUN_1806003b0.c
180600820	FUN_180600820	false	1	5	functions/180600820_FUN_180600820.c
180600ad0	FUN_180600ad0	false	3	2	functions/180600ad0_FUN_180600ad0.c
180600c40	FUN_180600c40	false	1	9	functions/180600c40_FUN_180600c40.c
180601690	FUN_180601690	false	1	4	functions/180601690_FUN_180601690.c
180601c10	FUN_180601c10	false	1	6	functions/180601c10_FUN_180601c10.c
180601dd0	FUN_180601dd0	false	1	5	functions/180601dd0_FUN_180601dd0.c
1806025c0	FUN_1806025c0	false	1	0	functions/1806025c0_FUN_1806025c0.c
180602770	FUN_180602770	false	1	1	functions/180602770_FUN_180602770.c
180602a90	FUN_180602a90	false	1	3	functions/180602a90_FUN_180602a90.c
180602e60	FUN_180602e60	false	1	2	functions/180602e60_FUN_180602e60.c
180603510	FUN_180603510	false	1	0	functions/180603510_FUN_180603510.c
1806037b0	FUN_1806037b0	false	5	0	functions/1806037b0_FUN_1806037b0.c
180603890	FUN_180603890	false	1	2	functions/180603890_FUN_180603890.c
180603a20	FUN_180603a20	false	1	2	functions/180603a20_FUN_180603a20.c
180603f70	FUN_180603f70	false	1	0	functions/180603f70_FUN_180603f70.c
1806041c0	FUN_1806041c0	false	1	0	functions/1806041c0_FUN_1806041c0.c
1806042f0	FUN_1806042f0	false	1	3	functions/1806042f0_FUN_1806042f0.c
180604540	FUN_180604540	false	1	0	functions/180604540_FUN_180604540.c
1806047b0	FUN_1806047b0	false	1	0	functions/1806047b0_FUN_1806047b0.c
180604ab0	FUN_180604ab0	false	2	1	functions/180604ab0_FUN_180604ab0.c
180604bd0	FUN_180604bd0	false	2	1	functions/180604bd0_FUN_180604bd0.c
180604fe0	FUN_180604fe0	false	1	0	functions/180604fe0_FUN_180604fe0.c
180605470	FUN_180605470	false	3	1	functions/180605470_FUN_180605470.c
180605550	FUN_180605550	false	1	0	functions/180605550_FUN_180605550.c
180605680	FUN_180605680	false	1	0	functions/180605680_FUN_180605680.c
180605960	FUN_180605960	false	1	3	functions/180605960_FUN_180605960.c
180605cf0	FUN_180605cf0	false	1	4	functions/180605cf0_FUN_180605cf0.c
180606040	FUN_180606040	false	1	6	functions/180606040_FUN_180606040.c
180606370	FUN_180606370	false	1	4	functions/180606370_FUN_180606370.c
1806067d0	FUN_1806067d0	false	1	4	functions/1806067d0_FUN_1806067d0.c
180607050	FUN_180607050	false	1	2	functions/180607050_FUN_180607050.c
1806071c0	FUN_1806071c0	false	1	2	functions/1806071c0_FUN_1806071c0.c
1806073b0	FUN_1806073b0	false	1	0	functions/1806073b0_FUN_1806073b0.c
180607660	FUN_180607660	false	1	1	functions/180607660_FUN_180607660.c
180607a20	FUN_180607a20	false	1	4	functions/180607a20_FUN_180607a20.c
180607c60	FUN_180607c60	false	1	1	functions/180607c60_FUN_180607c60.c
180608000	FUN_180608000	false	1	0	functions/180608000_FUN_180608000.c
180608430	FUN_180608430	false	5	1	functions/180608430_FUN_180608430.c
180608900	FUN_180608900	false	1	3	functions/180608900_FUN_180608900.c
180608c60	FUN_180608c60	false	1	1	functions/180608c60_FUN_180608c60.c
180608eb0	FUN_180608eb0	false	1	2	functions/180608eb0_FUN_180608eb0.c
180609070	FUN_180609070	false	2	1	functions/180609070_FUN_180609070.c
1806091c0	FUN_1806091c0	false	1	3	functions/1806091c0_FUN_1806091c0.c
1806092b0	FUN_1806092b0	false	1	5	functions/1806092b0_FUN_1806092b0.c
180609480	FUN_180609480	false	9	0	functions/180609480_FUN_180609480.c
1806094e0	FUN_1806094e0	false	4	9	functions/1806094e0_FUN_1806094e0.c
180609cb0	FUN_180609cb0	false	1	0	functions/180609cb0_FUN_180609cb0.c
180609f40	FUN_180609f40	false	1	1	functions/180609f40_FUN_180609f40.c
18060a1f0	FUN_18060a1f0	false	1	3	functions/18060a1f0_FUN_18060a1f0.c
18060a550	FUN_18060a550	false	1	0	functions/18060a550_FUN_18060a550.c
18060a790	FUN_18060a790	false	1	0	functions/18060a790_FUN_18060a790.c
18060a850	FUN_18060a850	false	1	0	functions/18060a850_FUN_18060a850.c
18060acd0	FUN_18060acd0	false	1	1	functions/18060acd0_FUN_18060acd0.c
18060af60	FUN_18060af60	false	1	0	functions/18060af60_FUN_18060af60.c
18060b2f0	FUN_18060b2f0	false	1	0	functions/18060b2f0_FUN_18060b2f0.c
18060b570	FUN_18060b570	false	6	1	functions/18060b570_FUN_18060b570.c
18060b7c0	FUN_18060b7c0	false	1	5	functions/18060b7c0_FUN_18060b7c0.c
18060ba50	FUN_18060ba50	false	1	0	functions/18060ba50_FUN_18060ba50.c
18060c0c0	FUN_18060c0c0	false	1	7	functions/18060c0c0_FUN_18060c0c0.c
18060c310	FUN_18060c310	false	1	0	functions/18060c310_FUN_18060c310.c
18060c460	FUN_18060c460	false	6	1	functions/18060c460_FUN_18060c460.c
18060c5b0	FUN_18060c5b0	false	2	1	functions/18060c5b0_FUN_18060c5b0.c
18060c6b0	FUN_18060c6b0	false	2	1	functions/18060c6b0_FUN_18060c6b0.c
18060c710	FUN_18060c710	false	2	3	functions/18060c710_FUN_18060c710.c
18060ca60	FUN_18060ca60	false	1	0	functions/18060ca60_FUN_18060ca60.c
18060ccb0	FUN_18060ccb0	false	1	2	functions/18060ccb0_FUN_18060ccb0.c
18060ced0	FUN_18060ced0	false	2	4	functions/18060ced0_FUN_18060ced0.c
18060d150	FUN_18060d150	false	1	2	functions/18060d150_FUN_18060d150.c
18060d280	FUN_18060d280	false	8	4	functions/18060d280_FUN_18060d280.c
18060d340	FUN_18060d340	false	15	4	functions/18060d340_FUN_18060d340.c
18060d430	FUN_18060d430	false	6	5	functions/18060d430_FUN_18060d430.c
18060d610	FUN_18060d610	false	6	4	functions/18060d610_FUN_18060d610.c
18060dbf0	FUN_18060dbf0	false	1	16	functions/18060dbf0_FUN_18060dbf0.c
18060e550	FUN_18060e550	false	1	2	functions/18060e550_FUN_18060e550.c
18060e690	FUN_18060e690	false	1	3	functions/18060e690_FUN_18060e690.c
18060e820	FUN_18060e820	false	1	4	functions/18060e820_FUN_18060e820.c
18060eae0	FUN_18060eae0	false	2	4	functions/18060eae0_FUN_18060eae0.c
18060edd0	FUN_18060edd0	false	1	2	functions/18060edd0_FUN_18060edd0.c
18060efc0	FUN_18060efc0	false	1	1	functions/18060efc0_FUN_18060efc0.c
18060f0d0	FUN_18060f0d0	false	1	2	functions/18060f0d0_FUN_18060f0d0.c
18060f200	FUN_18060f200	false	1	3	functions/18060f200_FUN_18060f200.c
18060f390	FUN_18060f390	false	1	2	functions/18060f390_FUN_18060f390.c
18060f4e0	FUN_18060f4e0	false	2	1	functions/18060f4e0_FUN_18060f4e0.c
18060f740	FUN_18060f740	false	1	7	functions/18060f740_FUN_18060f740.c
18060f9d0	FUN_18060f9d0	false	1	2	functions/18060f9d0_FUN_18060f9d0.c
18060fb30	FUN_18060fb30	false	1	1	functions/18060fb30_FUN_18060fb30.c
18060fd10	FUN_18060fd10	false	2	1	functions/18060fd10_FUN_18060fd10.c
18060ff50	FUN_18060ff50	false	3	3	functions/18060ff50_FUN_18060ff50.c
180625d60	FUN_180625d60	false	1	5	functions/180625d60_FUN_180625d60.c
180627cb0	FUN_180627cb0	false	1	2	functions/180627cb0_FUN_180627cb0.c
180627dd0	FUN_180627dd0	false	2	2	functions/180627dd0_FUN_180627dd0.c
180628040	FUN_180628040	false	1	2	functions/180628040_FUN_180628040.c
180628280	FUN_180628280	false	2	2	functions/180628280_FUN_180628280.c
1806284c0	FUN_1806284c0	false	1	2	functions/1806284c0_FUN_1806284c0.c
180628510	FUN_180628510	false	1	1	functions/180628510_FUN_180628510.c
180628520	FUN_180628520	false	2	2	functions/180628520_FUN_180628520.c
1806287d0	FUN_1806287d0	false	1	3	functions/1806287d0_FUN_1806287d0.c
180628960	FUN_180628960	false	4	2	functions/180628960_FUN_180628960.c
180628c10	FUN_180628c10	false	1	2	functions/180628c10_FUN_180628c10.c
180668ed0	FUN_180668ed0	false	1	4	functions/180668ed0_FUN_180668ed0.c
180669040	FUN_180669040	false	2	1	functions/180669040_FUN_180669040.c
180669140	FUN_180669140	false	5	3	functions/180669140_FUN_180669140.c
1806694f0	FUN_1806694f0	false	2	3	functions/1806694f0_FUN_1806694f0.c
180669680	FUN_180669680	false	1	3	functions/180669680_FUN_180669680.c
180669860	FUN_180669860	false	1	3	functions/180669860_FUN_180669860.c
180669b70	FUN_180669b70	false	6	2	functions/180669b70_FUN_180669b70.c
180669f00	FUN_180669f00	false	2	2	functions/180669f00_FUN_180669f00.c
18066a0e0	FUN_18066a0e0	false	2	2	functions/18066a0e0_FUN_18066a0e0.c
18066a500	FUN_18066a500	false	1	2	functions/18066a500_FUN_18066a500.c
18066a580	FUN_18066a580	false	1	1	functions/18066a580_FUN_18066a580.c
18066a690	FUN_18066a690	false	5	0	functions/18066a690_FUN_18066a690.c
18066a730	FUN_18066a730	false	1	1	functions/18066a730_FUN_18066a730.c
18066a800	FUN_18066a800	false	1	1	functions/18066a800_FUN_18066a800.c
18066a8d0	FUN_18066a8d0	false	1	2	functions/18066a8d0_FUN_18066a8d0.c
18066ab40	FUN_18066ab40	false	2	2	functions/18066ab40_FUN_18066ab40.c
18066ac10	FUN_18066ac10	false	1	2	functions/18066ac10_FUN_18066ac10.c
18066ae50	FUN_18066ae50	false	1	2	functions/18066ae50_FUN_18066ae50.c
18066b030	FUN_18066b030	false	1	3	functions/18066b030_FUN_18066b030.c
18066b760	FUN_18066b760	false	3	3	functions/18066b760_FUN_18066b760.c
18066b7d0	FUN_18066b7d0	false	2	2	functions/18066b7d0_FUN_18066b7d0.c
18066b8f0	FUN_18066b8f0	false	1	5	functions/18066b8f0_FUN_18066b8f0.c
18066b9c0	FUN_18066b9c0	false	1	6	functions/18066b9c0_FUN_18066b9c0.c
18066bcf0	FUN_18066bcf0	false	3	4	functions/18066bcf0_FUN_18066bcf0.c
18066bd60	FUN_18066bd60	false	1	3	functions/18066bd60_FUN_18066bd60.c
18066caf0	FUN_18066caf0	false	1	6	functions/18066caf0_FUN_18066caf0.c
18066d0c0	FUN_18066d0c0	false	1	2	functions/18066d0c0_FUN_18066d0c0.c
18066d400	FUN_18066d400	false	1	4	functions/18066d400_FUN_18066d400.c
18066dcb0	FUN_18066dcb0	false	1	4	functions/18066dcb0_FUN_18066dcb0.c
18066e590	FUN_18066e590	false	1	3	functions/18066e590_FUN_18066e590.c
18066edc0	FUN_18066edc0	false	1	2	functions/18066edc0_FUN_18066edc0.c
180671430	FUN_180671430	false	2	0	functions/180671430_FUN_180671430.c
180671520	FUN_180671520	false	1	1	functions/180671520_FUN_180671520.c
180671800	FUN_180671800	false	1	5	functions/180671800_FUN_180671800.c
180672d50	FUN_180672d50	false	1	2	functions/180672d50_FUN_180672d50.c
180672f10	FUN_180672f10	false	1	13	functions/180672f10_FUN_180672f10.c
1806732b0	FUN_1806732b0	false	1	3	functions/1806732b0_FUN_1806732b0.c
180673440	FUN_180673440	false	2	1	functions/180673440_FUN_180673440.c
180673640	FUN_180673640	false	1	1	functions/180673640_FUN_180673640.c
180673790	FUN_180673790	false	2	4	functions/180673790_FUN_180673790.c
180673980	FUN_180673980	false	1	4	functions/180673980_FUN_180673980.c
180673bf0	FUN_180673bf0	false	2	6	functions/180673bf0_FUN_180673bf0.c
180674030	FUN_180674030	false	1	3	functions/180674030_FUN_180674030.c
1806745e0	FUN_1806745e0	false	1	7	functions/1806745e0_FUN_1806745e0.c
180674bb0	FUN_180674bb0	false	1	3	functions/180674bb0_FUN_180674bb0.c
180674ec0	FUN_180674ec0	false	1	2	functions/180674ec0_FUN_180674ec0.c
180674fa0	FUN_180674fa0	false	1	1	functions/180674fa0_FUN_180674fa0.c
180675360	FUN_180675360	false	1	1	functions/180675360_FUN_180675360.c
180675460	FUN_180675460	false	2	5	functions/180675460_FUN_180675460.c
180675960	FUN_180675960	false	2	4	functions/180675960_FUN_180675960.c
180675b80	FUN_180675b80	false	1	3	functions/180675b80_FUN_180675b80.c
180675d30	FUN_180675d30	false	3	7	functions/180675d30_FUN_180675d30.c
180675fc0	FUN_180675fc0	false	4	4	functions/180675fc0_FUN_180675fc0.c
180676180	FUN_180676180	false	7	1	functions/180676180_FUN_180676180.c
1806762a0	FUN_1806762a0	false	1	2	functions/1806762a0_FUN_1806762a0.c
180676a20	FUN_180676a20	false	1	2	functions/180676a20_FUN_180676a20.c
180676c60	FUN_180676c60	false	1	1	functions/180676c60_FUN_180676c60.c
180677030	FUN_180677030	false	1	6	functions/180677030_FUN_180677030.c
180677790	FUN_180677790	false	1	7	functions/180677790_FUN_180677790.c
180677d20	FUN_180677d20	false	1	5	functions/180677d20_FUN_180677d20.c
180678680	FUN_180678680	false	1	1	functions/180678680_FUN_180678680.c
180678850	FUN_180678850	false	2	2	functions/180678850_FUN_180678850.c
180678900	FUN_180678900	false	2	0	functions/180678900_FUN_180678900.c
180678b10	FUN_180678b10	false	1	7	functions/180678b10_FUN_180678b10.c
180678cb0	FUN_180678cb0	false	7	3	functions/180678cb0_FUN_180678cb0.c
180679780	FUN_180679780	false	1	6	functions/180679780_FUN_180679780.c
1806799b0	sentry	false	1	2	functions/1806799b0_sentry.c
18067a870	FUN_18067a870	false	1	4	functions/18067a870_FUN_18067a870.c
18067b990	FUN_18067b990	false	5	5	functions/18067b990_FUN_18067b990.c
18067ba50	FUN_18067ba50	false	5	2	functions/18067ba50_FUN_18067ba50.c
18067bb40	FUN_18067bb40	false	1	11	functions/18067bb40_FUN_18067bb40.c
18067bd10	FUN_18067bd10	false	2	5	functions/18067bd10_FUN_18067bd10.c
18067bf80	FUN_18067bf80	false	2	10	functions/18067bf80_FUN_18067bf80.c
18067c810	FUN_18067c810	false	1	2	functions/18067c810_FUN_18067c810.c
180681420	FUN_180681420	false	1	0	functions/180681420_FUN_180681420.c
180681970	FUN_180681970	false	1	2	functions/180681970_FUN_180681970.c
180681ab0	FUN_180681ab0	false	1	9	functions/180681ab0_FUN_180681ab0.c
180681ce0	FUN_180681ce0	false	1	2	functions/180681ce0_FUN_180681ce0.c
180681d80	FUN_180681d80	false	1	10	functions/180681d80_FUN_180681d80.c
180682280	FUN_180682280	false	2	1	functions/180682280_FUN_180682280.c
1806823e0	FUN_1806823e0	false	1	1	functions/1806823e0_FUN_1806823e0.c
180682520	FUN_180682520	false	4	1	functions/180682520_FUN_180682520.c
180682640	FUN_180682640	false	2	0	functions/180682640_FUN_180682640.c
180683a60	FUN_180683a60	false	2	2	functions/180683a60_FUN_180683a60.c
180684000	FUN_180684000	false	2	2	functions/180684000_FUN_180684000.c
1806840c0	FUN_1806840c0	false	1	6	functions/1806840c0_FUN_1806840c0.c
1806844c0	FUN_1806844c0	false	1	2	functions/1806844c0_FUN_1806844c0.c
180684c90	FUN_180684c90	false	1	5	functions/180684c90_FUN_180684c90.c
180684dd0	FUN_180684dd0	false	1	2	functions/180684dd0_FUN_180684dd0.c
1806852d0	FUN_1806852d0	false	1	5	functions/1806852d0_FUN_1806852d0.c
180685570	FUN_180685570	false	1	4	functions/180685570_FUN_180685570.c
1806858e0	FUN_1806858e0	false	3	5	functions/1806858e0_FUN_1806858e0.c
180685d10	FUN_180685d10	false	1	2	functions/180685d10_FUN_180685d10.c
180685f60	FUN_180685f60	false	1	2	functions/180685f60_FUN_180685f60.c
180685f90	FUN_180685f90	false	2	2	functions/180685f90_FUN_180685f90.c
180686240	FUN_180686240	false	1	3	functions/180686240_FUN_180686240.c
1806890a0	FUN_1806890a0	false	1	1	functions/1806890a0_FUN_1806890a0.c
180689330	FUN_180689330	false	1	1	functions/180689330_FUN_180689330.c
1806899e0	FUN_1806899e0	false	1	1	functions/1806899e0_FUN_1806899e0.c
18068a760	FUN_18068a760	false	1	1	functions/18068a760_FUN_18068a760.c
18068b5e0	FUN_18068b5e0	false	1	1	functions/18068b5e0_FUN_18068b5e0.c
18068ba30	FUN_18068ba30	false	1	3	functions/18068ba30_FUN_18068ba30.c
18068beb0	FUN_18068beb0	false	1	4	functions/18068beb0_FUN_18068beb0.c
18068d620	FUN_18068d620	false	1	34	functions/18068d620_FUN_18068d620.c
18068e990	FUN_18068e990	false	1	3	functions/18068e990_FUN_18068e990.c
18068ecf0	FUN_18068ecf0	false	1	3	functions/18068ecf0_FUN_18068ecf0.c
18068eeb0	FUN_18068eeb0	false	1	2	functions/18068eeb0_FUN_18068eeb0.c
18068efa0	FUN_18068efa0	false	1	2	functions/18068efa0_FUN_18068efa0.c
18068f080	FUN_18068f080	false	2	7	functions/18068f080_FUN_18068f080.c
18068f380	FUN_18068f380	false	1	2	functions/18068f380_FUN_18068f380.c
18068f580	FUN_18068f580	false	1	2	functions/18068f580_FUN_18068f580.c
18068f6b0	FUN_18068f6b0	false	1	6	functions/18068f6b0_FUN_18068f6b0.c
18068fa60	FUN_18068fa60	false	1	4	functions/18068fa60_FUN_18068fa60.c
18068fc50	FUN_18068fc50	false	1	2	functions/18068fc50_FUN_18068fc50.c
18068fe50	FUN_18068fe50	false	1	3	functions/18068fe50_FUN_18068fe50.c
180690000	FUN_180690000	false	1	2	functions/180690000_FUN_180690000.c
180690190	FUN_180690190	false	1	2	functions/180690190_FUN_180690190.c
1806903c0	FUN_1806903c0	false	1	3	functions/1806903c0_FUN_1806903c0.c
180692270	FUN_180692270	false	1	4	functions/180692270_FUN_180692270.c
180692900	HandleSystemContextMessageDisplayChange	true	1	3	functions/180692900_HandleSystemContextMessageDisplayChange.c
180692d00	HandleSystemContextMessageInputStitching	true	1	9	functions/180692d00_HandleSystemContextMessageInputStitching.c
180693490	HandleSystemContextMessageHingeAngle	true	1	3	functions/180693490_HandleSystemContextMessageHingeAngle.c
180693820	HandleSystemContextMessageRegionConfig	true	1	3	functions/180693820_HandleSystemContextMessageRegionConfig.c
180693ac0	HandleRegionConfigMessage	true	1	7	functions/180693ac0_HandleRegionConfigMessage.c
180694050	FUN_180694050	true	0	1	functions/180694050_FUN_180694050.c
1806941f0	FUN_1806941f0	true	0	1	functions/1806941f0_FUN_1806941f0.c
180694390	FUN_180694390	true	0	3	functions/180694390_FUN_180694390.c
180694900	FUN_180694900	true	0	5	functions/180694900_FUN_180694900.c
180694a20	FUN_180694a20	true	0	0	functions/180694a20_FUN_180694a20.c
180694a30	FUN_180694a30	true	0	2	functions/180694a30_FUN_180694a30.c
180694a80	FUN_180694a80	true	0	2	functions/180694a80_FUN_180694a80.c
180694d60	FUN_180694d60	true	0	7	functions/180694d60_FUN_180694d60.c
180695060	GetProcessorCapabilities	true	0	3	functions/180695060_GetProcessorCapabilities.c
180695510	OnDeviceAttached	true	0	2	functions/180695510_OnDeviceAttached.c
1806956b0	OnDeviceDetached	true	0	2	functions/1806956b0_OnDeviceDetached.c
1806957b0	OnSystemContextMessage	true	0	7	functions/1806957b0_OnSystemContextMessage.c
180695ad0	OnDeviceReset	true	0	2	functions/180695ad0_OnDeviceReset.c
1806964ea	calloc	false	1	0	functions/1806964ea_calloc.c
1806964f6	free	false	2	0	functions/1806964f6_free.c
180696502	strcpy_s	false	1	0	functions/180696502_strcpy_s.c
180696520	__security_check_cookie	false	198	1	functions/180696520___security_check_cookie.c
180696544	operator_new	false	7	4	functions/180696544_operator_new.c
1806969a0	_onexit	false	1	2	functions/1806969a0__onexit.c
1806969f0	atexit	false	16	1	functions/1806969f0_atexit.c
180696a08	free	false	25	0	functions/180696a08_free.c
180696a10	__raise_securityfailure	false	1	0	functions/180696a10___raise_securityfailure.c
180696a50	__report_gsfailure	false	1	3	functions/180696a50___report_gsfailure.c
180696b24	capture_previous_context	false	1	0	functions/180696b24_capture_previous_context.c
180696c70	_Init_thread_footer	false	24	1	functions/180696c70__Init_thread_footer.c
180696cd0	_Init_thread_header	false	24	1	functions/180696cd0__Init_thread_header.c
180696d38	_Init_thread_notify	false	1	0	functions/180696d38__Init_thread_notify.c
180696d5c	_Init_thread_wait	false	1	0	functions/180696d5c__Init_thread_wait.c
180696dbc	`eh_vector_constructor_iterator'	false	1	1	functions/180696dbc__eh_vector_constructor_iterator_.c
1806971dc	FUN_1806971dc	false	1	0	functions/1806971dc_FUN_1806971dc.c
180697238	FUN_180697238	false	1	0	functions/180697238_FUN_180697238.c
180697258	FUN_180697258	false	1	2	functions/180697258_FUN_180697258.c
180697278	FUN_180697278	false	1	2	functions/180697278_FUN_180697278.c
1806976f0	FUN_1806976f0	false	1	0	functions/1806976f0_FUN_1806976f0.c
18069770c	FUN_18069770c	false	1	0	functions/18069770c_FUN_18069770c.c
180697728	_Xtime_get_ticks	false	1	0	functions/180697728__Xtime_get_ticks.c
180697794	FUN_180697794	false	1	1	functions/180697794_FUN_180697794.c
18069789c	FUN_18069789c	false	1	1	functions/18069789c_FUN_18069789c.c
1806978e4	FUN_1806978e4	false	8	2	functions/1806978e4_FUN_1806978e4.c
18069792c	FUN_18069792c	false	2	2	functions/18069792c_FUN_18069792c.c
18069799c	_Lockit	false	4	2	functions/18069799c__Lockit.c
180697a1c	~_Lockit	false	5	2	functions/180697a1c___Lockit.c
180697a50	FUN_180697a50	false	1	0	functions/180697a50_FUN_180697a50.c
180697a5c	operator=	false	3	3	functions/180697a5c_operator_.c
180697b4c	_Facet_Register	false	2	1	functions/180697b4c__Facet_Register.c
180697b84	FUN_180697b84	false	2	0	functions/180697b84_FUN_180697b84.c
180697b8c	_Init	false	2	6	functions/180697b8c__Init.c
180697cb4	_Locinfo_ctor	false	2	2	functions/180697cb4__Locinfo_ctor.c
180697d20	FUN_180697d20	false	1	1	functions/180697d20_FUN_180697d20.c
180697d3c	_New_Locimp	false	1	2	functions/180697d3c__New_Locimp.c
180697dac	_Setgloballocale	false	1	1	functions/180697dac__Setgloballocale.c
180697e54	__uncaught_exception	false	5	0	functions/180697e54___uncaught_exception.c
180697e84	FUN_180697e84	false	1	5	functions/180697e84_FUN_180697e84.c
18069824c	_Addstd	false	1	2	functions/18069824c__Addstd.c
1806982c4	_Ios_base_dtor	false	2	3	functions/1806982c4__Ios_base_dtor.c
18069833c	FUN_18069833c	false	1	2	functions/18069833c_FUN_18069833c.c
18069855c	EnterCriticalSection	false	1	0	functions/18069855c_EnterCriticalSection.c
180698564	LeaveCriticalSection	false	1	0	functions/180698564_LeaveCriticalSection.c
18069856c	FUN_18069856c	false	1	1	functions/18069856c_FUN_18069856c.c
18069889c	IsProcessorFeaturePresent	false	1	0	functions/18069889c_IsProcessorFeaturePresent.c
180698fe0	__std_exception_copy	false	3	3	functions/180698fe0___std_exception_copy.c
180699124	FUN_180699124	false	5	1	functions/180699124_FUN_180699124.c
180699220	FUN_180699220	false	13	0	functions/180699220_FUN_180699220.c
180699430	FUN_180699430	false	1	0	functions/180699430_FUN_180699430.c
180699450	FUN_180699450	false	18	1	functions/180699450_FUN_180699450.c
18069b321	_callnewh	false	1	0	functions/18069b321__callnewh.c
18069b327	malloc	false	3	0	functions/18069b327_malloc.c
18069b345	_register_onexit_function	false	1	0	functions/18069b345__register_onexit_function.c
18069b351	_crt_atexit	false	1	0	functions/18069b351__crt_atexit.c
18069b369	_lock_locales	false	1	0	functions/18069b369__lock_locales.c
18069b36f	_unlock_locales	false	1	0	functions/18069b36f__unlock_locales.c
18069b375	setlocale	false	2	0	functions/18069b375_setlocale.c
18069b37b	__pctype_func	false	1	0	functions/18069b37b___pctype_func.c
18069b387	_wcsdup	false	1	0	functions/18069b387__wcsdup.c
18069b38d	___lc_locale_name_func	false	1	0	functions/18069b38d____lc_locale_name_func.c
18069b393	___lc_codepage_func	false	1	0	functions/18069b393____lc_codepage_func.c
18069b3c3	abort	false	1	0	functions/18069b3c3_abort.c
18069b4e0	_alloca_probe	false	1	0	functions/18069b4e0__alloca_probe.c
18069b537	atan	false	1	0	functions/18069b537_atan.c
18069b543	atanf	false	2	0	functions/18069b543_atanf.c
18069b549	ceilf	false	1	0	functions/18069b549_ceilf.c
18069b54f	cos	false	1	0	functions/18069b54f_cos.c
18069b555	exp	false	1	0	functions/18069b555_exp.c
18069b55b	expf	false	2	0	functions/18069b55b_expf.c
18069b561	floorf	false	1	0	functions/18069b561_floorf.c
18069b573	sin	false	1	0	functions/18069b573_sin.c
18069b579	sqrt	false	1	0	functions/18069b579_sqrt.c
18069b57f	sqrtf	false	15	0	functions/18069b57f_sqrtf.c
18069b58b	tan	false	1	0	functions/18069b58b_tan.c
18069b5a0	FUN_18069b5a0	false	1	1	functions/18069b5a0_FUN_18069b5a0.c
18069b5c0	FUN_18069b5c0	false	1	0	functions/18069b5c0_FUN_18069b5c0.c
18069ba50	_guard_dispatch_icall	false	52	0	functions/18069ba50__guard_dispatch_icall.c
